round,order,method,milliseconds,output_sha256
1,1,reference_scan,61.00675,b05d272e01d4e656e2f48c31257d0ae55e6c4179c83d0fa35ac6e9c03a3a2c4b
1,2,indexed_cold,13.599042,b05d272e01d4e656e2f48c31257d0ae55e6c4179c83d0fa35ac6e9c03a3a2c4b
1,3,indexed_reused,0.038583,b05d272e01d4e656e2f48c31257d0ae55e6c4179c83d0fa35ac6e9c03a3a2c4b
2,1,reference_scan,62.780583,b05d272e01d4e656e2f48c31257d0ae55e6c4179c83d0fa35ac6e9c03a3a2c4b
2,2,indexed_reused,0.054667,b05d272e01d4e656e2f48c31257d0ae55e6c4179c83d0fa35ac6e9c03a3a2c4b
2,3,indexed_cold,13.949917,b05d272e01d4e656e2f48c31257d0ae55e6c4179c83d0fa35ac6e9c03a3a2c4b
3,1,indexed_reused,0.061542,b05d272e01d4e656e2f48c31257d0ae55e6c4179c83d0fa35ac6e9c03a3a2c4b
3,2,reference_scan,66.302417,b05d272e01d4e656e2f48c31257d0ae55e6c4179c83d0fa35ac6e9c03a3a2c4b
3,3,indexed_cold,8.2695,b05d272e01d4e656e2f48c31257d0ae55e6c4179c83d0fa35ac6e9c03a3a2c4b
4,1,indexed_reused,0.0645,b05d272e01d4e656e2f48c31257d0ae55e6c4179c83d0fa35ac6e9c03a3a2c4b
4,2,indexed_cold,12.6545,b05d272e01d4e656e2f48c31257d0ae55e6c4179c83d0fa35ac6e9c03a3a2c4b
4,3,reference_scan,61.580584,b05d272e01d4e656e2f48c31257d0ae55e6c4179c83d0fa35ac6e9c03a3a2c4b
5,1,indexed_cold,12.719,b05d272e01d4e656e2f48c31257d0ae55e6c4179c83d0fa35ac6e9c03a3a2c4b
5,2,indexed_reused,0.03975,b05d272e01d4e656e2f48c31257d0ae55e6c4179c83d0fa35ac6e9c03a3a2c4b
5,3,reference_scan,60.75225,b05d272e01d4e656e2f48c31257d0ae55e6c4179c83d0fa35ac6e9c03a3a2c4b
6,1,indexed_cold,13.721375,b05d272e01d4e656e2f48c31257d0ae55e6c4179c83d0fa35ac6e9c03a3a2c4b
6,2,reference_scan,62.091042,b05d272e01d4e656e2f48c31257d0ae55e6c4179c83d0fa35ac6e9c03a3a2c4b
6,3,indexed_reused,0.050917,b05d272e01d4e656e2f48c31257d0ae55e6c4179c83d0fa35ac6e9c03a3a2c4b
7,1,reference_scan,62.172917,b05d272e01d4e656e2f48c31257d0ae55e6c4179c83d0fa35ac6e9c03a3a2c4b
7,2,indexed_cold,13.394333,b05d272e01d4e656e2f48c31257d0ae55e6c4179c83d0fa35ac6e9c03a3a2c4b
7,3,indexed_reused,0.051125,b05d272e01d4e656e2f48c31257d0ae55e6c4179c83d0fa35ac6e9c03a3a2c4b
8,1,reference_scan,61.845916,b05d272e01d4e656e2f48c31257d0ae55e6c4179c83d0fa35ac6e9c03a3a2c4b
8,2,indexed_reused,0.049792,b05d272e01d4e656e2f48c31257d0ae55e6c4179c83d0fa35ac6e9c03a3a2c4b
8,3,indexed_cold,13.724791,b05d272e01d4e656e2f48c31257d0ae55e6c4179c83d0fa35ac6e9c03a3a2c4b
9,1,indexed_reused,0.06425,b05d272e01d4e656e2f48c31257d0ae55e6c4179c83d0fa35ac6e9c03a3a2c4b
9,2,reference_scan,66.76925,b05d272e01d4e656e2f48c31257d0ae55e6c4179c83d0fa35ac6e9c03a3a2c4b
9,3,indexed_cold,8.094208,b05d272e01d4e656e2f48c31257d0ae55e6c4179c83d0fa35ac6e9c03a3a2c4b
10,1,indexed_reused,0.061083,b05d272e01d4e656e2f48c31257d0ae55e6c4179c83d0fa35ac6e9c03a3a2c4b
10,2,indexed_cold,12.728209,b05d272e01d4e656e2f48c31257d0ae55e6c4179c83d0fa35ac6e9c03a3a2c4b
10,3,reference_scan,60.639042,b05d272e01d4e656e2f48c31257d0ae55e6c4179c83d0fa35ac6e9c03a3a2c4b
11,1,indexed_cold,13.14775,b05d272e01d4e656e2f48c31257d0ae55e6c4179c83d0fa35ac6e9c03a3a2c4b
11,2,indexed_reused,0.038292,b05d272e01d4e656e2f48c31257d0ae55e6c4179c83d0fa35ac6e9c03a3a2c4b
11,3,reference_scan,61.094834,b05d272e01d4e656e2f48c31257d0ae55e6c4179c83d0fa35ac6e9c03a3a2c4b
12,1,indexed_cold,13.128458,b05d272e01d4e656e2f48c31257d0ae55e6c4179c83d0fa35ac6e9c03a3a2c4b
12,2,reference_scan,61.593,b05d272e01d4e656e2f48c31257d0ae55e6c4179c83d0fa35ac6e9c03a3a2c4b
12,3,indexed_reused,0.043875,b05d272e01d4e656e2f48c31257d0ae55e6c4179c83d0fa35ac6e9c03a3a2c4b
13,1,reference_scan,62.095625,b05d272e01d4e656e2f48c31257d0ae55e6c4179c83d0fa35ac6e9c03a3a2c4b
13,2,indexed_cold,14.063333,b05d272e01d4e656e2f48c31257d0ae55e6c4179c83d0fa35ac6e9c03a3a2c4b
13,3,indexed_reused,0.042584,b05d272e01d4e656e2f48c31257d0ae55e6c4179c83d0fa35ac6e9c03a3a2c4b
14,1,reference_scan,61.596,b05d272e01d4e656e2f48c31257d0ae55e6c4179c83d0fa35ac6e9c03a3a2c4b
14,2,indexed_reused,0.054583,b05d272e01d4e656e2f48c31257d0ae55e6c4179c83d0fa35ac6e9c03a3a2c4b
14,3,indexed_cold,13.91325,b05d272e01d4e656e2f48c31257d0ae55e6c4179c83d0fa35ac6e9c03a3a2c4b
15,1,indexed_reused,0.059583,b05d272e01d4e656e2f48c31257d0ae55e6c4179c83d0fa35ac6e9c03a3a2c4b
15,2,reference_scan,67.038625,b05d272e01d4e656e2f48c31257d0ae55e6c4179c83d0fa35ac6e9c03a3a2c4b
15,3,indexed_cold,8.61175,b05d272e01d4e656e2f48c31257d0ae55e6c4179c83d0fa35ac6e9c03a3a2c4b
16,1,indexed_reused,0.061,b05d272e01d4e656e2f48c31257d0ae55e6c4179c83d0fa35ac6e9c03a3a2c4b
16,2,indexed_cold,13.212666,b05d272e01d4e656e2f48c31257d0ae55e6c4179c83d0fa35ac6e9c03a3a2c4b
16,3,reference_scan,63.722458,b05d272e01d4e656e2f48c31257d0ae55e6c4179c83d0fa35ac6e9c03a3a2c4b
17,1,indexed_cold,13.49625,b05d272e01d4e656e2f48c31257d0ae55e6c4179c83d0fa35ac6e9c03a3a2c4b
17,2,indexed_reused,0.041584,b05d272e01d4e656e2f48c31257d0ae55e6c4179c83d0fa35ac6e9c03a3a2c4b
17,3,reference_scan,63.054667,b05d272e01d4e656e2f48c31257d0ae55e6c4179c83d0fa35ac6e9c03a3a2c4b
18,1,indexed_cold,13.621709,b05d272e01d4e656e2f48c31257d0ae55e6c4179c83d0fa35ac6e9c03a3a2c4b
18,2,reference_scan,61.670375,b05d272e01d4e656e2f48c31257d0ae55e6c4179c83d0fa35ac6e9c03a3a2c4b
18,3,indexed_reused,0.046458,b05d272e01d4e656e2f48c31257d0ae55e6c4179c83d0fa35ac6e9c03a3a2c4b
19,1,reference_scan,61.0715,b05d272e01d4e656e2f48c31257d0ae55e6c4179c83d0fa35ac6e9c03a3a2c4b
19,2,indexed_cold,13.3585,b05d272e01d4e656e2f48c31257d0ae55e6c4179c83d0fa35ac6e9c03a3a2c4b
19,3,indexed_reused,0.03825,b05d272e01d4e656e2f48c31257d0ae55e6c4179c83d0fa35ac6e9c03a3a2c4b
20,1,reference_scan,62.994542,b05d272e01d4e656e2f48c31257d0ae55e6c4179c83d0fa35ac6e9c03a3a2c4b
20,2,indexed_reused,0.055,b05d272e01d4e656e2f48c31257d0ae55e6c4179c83d0fa35ac6e9c03a3a2c4b
20,3,indexed_cold,13.744084,b05d272e01d4e656e2f48c31257d0ae55e6c4179c83d0fa35ac6e9c03a3a2c4b
21,1,indexed_reused,0.060667,b05d272e01d4e656e2f48c31257d0ae55e6c4179c83d0fa35ac6e9c03a3a2c4b
21,2,reference_scan,66.622834,b05d272e01d4e656e2f48c31257d0ae55e6c4179c83d0fa35ac6e9c03a3a2c4b
21,3,indexed_cold,8.381125,b05d272e01d4e656e2f48c31257d0ae55e6c4179c83d0fa35ac6e9c03a3a2c4b
